-- phpMyAdmin SQL Dump
-- version 2.11.9.4
-- http://www.phpmyadmin.net
--
-- Host: oniddb
-- Generation Time: Feb 12, 2016 at 07:54 PM
-- Server version: 5.5.47
-- PHP Version: 5.2.6-1+lenny16

SET FOREIGN_KEY_CHECKS=0;

SET SQL_MODE="NO_AUTO_VALUE_ON_ZERO";

--
-- Database: `watsokel-db`
--

-- --------------------------------------------------------

--
-- Table structure for table `business`
--

DROP TABLE IF EXISTS `business`;
CREATE TABLE IF NOT EXISTS `business` (
  `id` int(11) NOT NULL AUTO_INCREMENT,
  `name` varchar(255) NOT NULL,
  `type` varchar(255) NOT NULL,
  `phone` varchar(255) DEFAULT NULL,
  `website` varchar(255) DEFAULT NULL,
  `street` varchar(255) DEFAULT NULL,
  `city` varchar(255) DEFAULT NULL,
  `state` varchar(255) DEFAULT NULL,
  `zipcode` int(11) DEFAULT NULL,
  `latitude` float DEFAULT NULL,
  `longitude` float DEFAULT NULL,
  `info` varchar(255) DEFAULT NULL,
  `hours` varchar(255) DEFAULT NULL,
  PRIMARY KEY (`id`)
) ENGINE=InnoDB  DEFAULT CHARSET=latin1 AUTO_INCREMENT=91 ;

--
-- Dumping data for table `business`
--

INSERT INTO `business` (`id`, `name`, `type`, `phone`, `website`, `street`, `city`, `state`, `zipcode`, `latitude`, `longitude`, `info`, `hours`) VALUES
(1, 'Albany-Corvallis ReUseIt', 'Reuse', '541-754-9011', 'https://groups.yahoo.com/neo/groups/albanycorvallisReUseIt/info', NULL, NULL, 'OR', NULL, NULL, NULL, NULL, NULL),
(2, 'Arc Thrift Stores  (Corvallis)', 'Reuse', '541-754-9011', NULL, '928 NW Beca Ave', 'Corvallis', 'OR', 97330, 44.5782, -123.262, NULL, '7 days per week 10am-5:30pm'),
(3, 'Arc Thrift Stores (Philomath)', 'Reuse', '541-929-3946', NULL, '936 Main St', 'Philomath', 'OR', 97370, 44.5401, -123.373, NULL, 'Mon-Sat 10am-5:30pm, Sun 12pm-5:30pm'),
(4, 'Beekman Place Antique Mall', 'Reuse', '541-753-8250', NULL, '601 SW Western Blvd', 'Corvallis', 'OR', 97333, 44.5604, -123.267, NULL, 'Tue-Sat 11am-5pm, Sun 12pm-5pm'),
(5, 'Benton County Extension / 4-H  Activities', 'Reuse', '541-766-6750', NULL, '1849 NW 9th', 'Corvallis', 'OR', 97330, 44.586, -123.257, NULL, 'Mon-Fri 9am-5pm'),
(6, 'Benton County Master Gardeners', 'Reuse', '541-766-6750', NULL, '1849 NW 9th St', 'Corvallis', 'OR', 97330, 44.586, -123.257, NULL, NULL),
(7, 'Book Bin', 'reuse', '541-752-0040', NULL, '215 SW 4th St', 'Corvallis', 'OR', 97333, 44.5635, -123.262, NULL, 'Store: Mon-Sat: 8:30am-9pm, Sun 9am-7pm; Book Buying: Mon-Sat 9am-5pm, Sun 11am-5pm'),
(8, 'Browser''s Bookstore', 'Reuse', '888-758-1121', NULL, '121 NW 4th St', 'Corvallis', 'OR', 97330, 44.5652, -123.261, NULL, 'Mon-Sat 9:30-6:00'),
(9, 'Boys & Girls Club / STARS (after school programs)', 'Reuse', '541-757-1909', NULL, '1112 NW Circle Blvd', 'Corvallis', 'OR', 97330, 44.5889, -123.264, NULL, NULL),
(10, 'Buckingham Palace -Fri-Sun only', 'Reuse', '541-752-7980', NULL, '600 SW 3rd St', 'Corvallis', 'OR', 97333, 44.5596, -123.264, NULL, 'Fri-Sat 12pm-5pm'),
(11, 'Calvary Community Outreach', 'Reuse', '541-760-5941', NULL, '2125 NW Lester Ave', 'Corvallis', 'OR', 97330, 44.6078, -123.278, NULL, 'Tue-Fri 9am-5pm, Sun 10am-12pm'),
(12, 'CARDV (Center Against Rape and Domestic Violence)', 'Reuse', '541-758-0219', NULL, '4786 SW Philomath Blvd', 'Corvallis', 'OR', 97333, 44.5531, -123.305, NULL, 'Mon-Fri 9am-5pm'),
(13, 'Career Closet for Women (drop-off at)', 'Reuse', '541-754-6979', NULL, '942 NW 9th, Ste.A', 'Corvallis', 'OR', 97330, 44.5746, -123.263, NULL, 'Sat 10am-2pm'),
(14, 'Cat''s Meow Humane Society Thrift Shop', 'Reuse', '541-757-0573', NULL, '411 SW 3rd St', 'Corvallis', 'OR', 97333, 44.5612, -123.262, NULL, 'Mon-Sat 10am-5pm'),
(15, 'Children''s Farm Home', 'Reuse', '541-757-1852', NULL, '4455 NE Hwy 20', 'Corvallis', 'OR', 97330, 44.6086, -123.214, NULL, 'Mon-Fri 10am-3pm'),
(16, 'Chintimini Wildlife Rehabilitation Ctr', 'Reuse', '541-745-5324', NULL, '311 Lewisburg Rd', 'Corvallis', 'OR', 97330, 44.6292, -123.247, NULL, NULL),
(17, 'Community Outreach (homeless shelter', 'Reuse', '541-758-3000', NULL, '865 NW Reiman', 'Corvallis', 'OR', 97330, 44.5734, -123.262, NULL, 'Mon-Sat 8am-9pm '),
(18, 'Corvallis Environmental Center', 'Reuse', '541-753-9211', NULL, '214 SW Monroe Ave', 'Corvallis', 'OR', 97330, 44.5645, -123.26, NULL, 'Mon-Fri 9am-5pm'),
(19, 'Corvallis Bicycle Collective', 'Reuse', '541-224-6885', NULL, '33900 SE Roche Ln/Hwy 34', 'Corvallis', 'OR', 97333, 44.5636, -123.251, NULL, 'Tue-Sun 12pm-4pm'),
(20, 'Corvallis Furniture', 'Reuse', '541-231-8103', NULL, '720 NE Granger Ave, Bldg J', 'Corvallis', 'OR', 97330, 44.6285, -123.235, NULL, 'Tue-Fri 10am-6pm, Sat-Mon 10am-3pm'),
(21, 'Corvallis-Uzhhorod Sister Cities/The TOUCH Project', 'Reuse', '541-753-5170', 'http://www.sistercities.corvallis.or.us/uzhhorod', NULL, 'Corvallis', 'OR', NULL, NULL, NULL, NULL, NULL),
(22, 'Cosmic Chameleon', 'Reuse', '541-752-9001', NULL, '138 SW 2nd St', 'Corvallis', 'OR', 97333, 44.5637, -123.261, NULL, 'Mon 12pm-6pm, Tue-Fri 11am-6pm, Sat 10am-6pm'),
(23, 'Craigslist (corvallis.craigslist.org) and Freecycle.org', 'Reuse', NULL, 'https://corvallis.craigslist.org/', NULL, 'Corvallis', 'OR', NULL, NULL, NULL, NULL, NULL),
(24, 'First Alternative Co-op Recycling Center ', 'Reuse', '541-753-3115', NULL, '1007 SE 3rd St', 'Corvallis', 'OR', 97333, 44.554, -123.264, NULL, '7 days per week 7am-10pm'),
(25, 'First Alternative Co-op Store (South store)', 'Reuse', '541-753-3115', NULL, '1007 SE 3rd St', 'Corvallis', 'OR', 97333, 44.554, -123.265, NULL, '7 days per week 7am-10pm'),
(26, 'First Alternative Co-op Store (North store)', 'Reuse', '541-452-3115', NULL, '2855 NW Grant Ave', 'Corvallis', 'OR', 97330, 44.5791, -123.282, NULL, '7 days per week 7am-10pm'),
(27, 'Furniture Exchange', 'Reuse', '541-833-0183', NULL, '210 NW 2nd St', 'Corvallis', 'OR', 97339, 44.5656, -123.26, NULL, 'Tue-Sat 10am-5:30pm'),
(28, 'Furniture Share (formerly Benton FS)', 'Reuse', '541-754-9511', NULL, '155 SE Lilly Ave', 'Corvallis', 'OR', 97333, 44.5487, -123.265, NULL, 'Tue-Fri 9am-4pm'),
(29, 'Garland Nursery ', 'Reuse', '541-753-6601', NULL, '5470 NE Hwy 20', 'Corvallis', 'OR', 97330, 44.6177, -123.213, NULL, 'Mon-Sat 9am-5pm, Sun 10am-5pm'),
(30, 'Goodwill Industries ', 'Reuse', '541-752-8278', NULL, '1325 NW 9th St', 'Corvallis', 'OR', 97330, 44.5786, -123.26, NULL, 'Mon-Sat 9am-9pm, Sun 10am-8pm'),
(31, 'Home Grown Gardens', 'Reuse', '541-758-2137', NULL, '4845 SE 3rd St', 'Corvallis', 'OR', 97333, 44.5121, -123.269, NULL, '7 days per week 10am-5pm'),
(32, 'Habitat for Humanity ReStore ', 'Reuse', '541-752-6637', NULL, '4840 SW Philomath Blvd', 'Corvallis', 'OR', 97333, 44.5524, -123.306, NULL, 'Mon-Sat 9am-6pm'),
(33, 'Happy Trails Records, Tapes & CDs', 'Reuse', '541-752-9032', NULL, '100 SW 3rd St', 'Corvallis', 'OR', 97330, 44.5645, -123.261, NULL, 'Mon-Thu 10:30am-7pm, Fri-Sat 10:30am-9pm, Sun 12pm-6pm'),
(34, 'Heartland Humane Society ', 'Reuse', '541-757-9000', NULL, '398 SW Twin Oaks Cir', 'Corvallis', 'OR', 97333, 44.5532, -123.269, NULL, 'Tue,Wed,Fri 12pm-6pm, Sat-Sun 12pm-5pm'),
(35, 'Home Life Inc. (for develop. disabled)', 'Reuse', '541-753-9015', NULL, '2068 NW Fillmore', 'Corvallis', 'OR', 97330, 44.5757, -123.275, NULL, NULL),
(36, 'Jackson Street Youth Shelter', 'Reuse', '541-754-2404', NULL, '555 NW Jackson St', 'Corvallis', 'OR', 97330, 44.5665, -123.263, NULL, '24 hours per day, 7 days per week'),
(37, 'Linn Benton Food Share (lg. food donations)', 'Reuse', '541-752-1010', NULL, '545 SW 2nd', 'Corvallis', 'OR', 97333, 44.5595, -123.262, NULL, NULL),
(38, 'Lions Club (box inside Elks Lodge)', 'Reuse', '541-758-0222', NULL, '1400 NW 9th St', 'Corvallis', 'OR', 97330, 44.5804, -123.26, NULL, NULL),
(39, 'Love INC (for low income citizens)', 'Reuse', '541-757-8111', NULL, '2330 NW Professional Dr #102', 'Corvallis', 'OR', 97330, 44.5901, -123.278, NULL, 'Mon-Thu 9:30am-3:30pm'),
(40, 'Mario Pastega House (Good Sam patient family housing)', 'Reuse', '541-768-4650', NULL, '3505 NW Samaritan Dr', 'Corvallis', 'OR', 97330, 44.6007, -123.249, NULL, NULL),
(41, 'Mary''s River Gleaners (for low income citizens)', 'Reuse', '541-752-1010', NULL, 'PO Box 2309', 'Corvallis', 'OR', NULL, NULL, NULL, NULL, NULL),
(42, 'Midway Farms (Hway 20 btw Corvallis & Albany)', 'Reuse', '541-740-6141', NULL, '6980 US-20', 'Albany', 'OR', 97321, 44.6371, -123.178, NULL, NULL),
(43, 'Neighbor to Neighbor (food pantry)', 'Reuse', '541-929-6614', NULL, '1123 Main St', 'Philomath', 'OR', 97370, 44.541, -123.37, NULL, 'Tue 9:30am-1pm'),
(44, 'Osborn Aquatic Center', 'Reuse', '541-766-7946', NULL, '1940 NW Highland Dr', 'Corvallis', 'OR', 97330, 44.588, -123.263, NULL, 'Mon,Tue,Thu 5:30pm-7:30pm, Wed 5:30pm-9pm, Fri 5:30pm-10:30pm, Sat 10:30am-12pm, Sun 1pm-4pm'),
(45, 'OSU Emergency Food Pantry', 'Reuse', '541-737-3473', NULL, '2150 SW Jefferson Way', 'Corvallis', 'OR', 97333, 44.5642, -123.276, NULL, NULL),
(46, 'OSU Folk Club Thrift Shop ', 'Reuse', '541-752-4733', NULL, '144 NW 2nd St', 'Corvallis', 'OR', 97330, 44.5653, -123.26, NULL, 'Tue-Thu 9:30am-5pm, Fri 9:30am-2:30pm, Sat 10am-12pm'),
(47, 'OSU Organic Growers Club (Crop & Soil Science Dept)', 'Reuse', '541-737-6810', 'http://cropandsoil.oregonstate.edu/organic_grower', NULL, 'Corvallis', 'OR', 97331, NULL, NULL, NULL, NULL),
(48, 'Pak Mail (Timberhill Shopping Ctr)', 'Reuse', '541-754-8411', NULL, '2397 NW Kings Blvd', 'Corvallis', 'OR', 97330, 44.5915, -123.273, NULL, 'Mon-Fri 9am-5:30pm, Sat 9am-4pm'),
(49, 'Parent Enhancement Program ', 'Reuse', '541-758-8292', NULL, '421 NW 4th St', 'Corvallis', 'OR', 97330, 44.5681, -123.26, NULL, NULL),
(50, 'Pastors for Peace-Caravan to Cuba (Mike Beilstein)', 'Reuse', '541-754-1858', 'www.ccds.org', NULL, 'Corvallis', 'OR', NULL, NULL, NULL, NULL, NULL),
(51, 'Philomath Community Garden (Chris Shonnard)', 'Reuse', '541-929-3524', 'http://philomathcommunityservices.org/', '360 S 9th St', 'Philomath', 'OR', 97370, 44.5358, -123.374, NULL, NULL),
(52, 'Philomath Community Services (food & kids stuff)', 'Reuse', '541-929-2499', NULL, '360 S 9th St', 'Philomath', 'OR', 97370, 44.5358, -123.374, NULL, NULL),
(53, 'Play It Again Sports', 'Reuse', '541-754-7529', NULL, '1422 NW 9th St', 'Corvallis', 'OR', 97330, 44.581, -123.26, NULL, 'Mon-Fri 9am-7pm, Sat 9am-6pm, Sun 10am-5pm'),
(54, 'Presbyterian Piecemakers (cotton quilts)', 'Reuse', '541-753-7516', NULL, '114 SW 8th St', 'Corvallis', 'OR', 97333, 44.5656, -123.267, NULL, NULL),
(55, 'Public Library Corvallis, Friends of', 'Reuse', '541-766-6928', NULL, '645 NW Monroe Ave', 'Corvallis', 'OR', 97330, 44.5659, -123.264, NULL, 'Mon-Thu 10am-8pm, Fri-Sat 10am-6pm, Sun 1pm-5pm'),
(56, 'Quilts From Caring Hands (cotton quilts)', 'Reuse', '541-758-8161', NULL, '1495 NW 20th St,', 'Corvallis', 'OR', 97330, 44.5814, -123.273, NULL, NULL),
(57, 'Rapid Refill Ink ', 'Reuse', '541-758-8444', NULL, '254 SW Madison Ave', 'Corvallis', 'OR', 97333, 44.5634, -123.261, NULL, 'Mon-Fri 9am-6pm, Sat 9am-4pm'),
(58, 'Replay Children''s Wear ', 'Reuse', '541-753-6903', NULL, '250 NW 1st St', 'Corvallis', 'OR', 97330, 44.5658, -123.258, NULL, NULL),
(59, 're·volve (women''s resale boutique)', 'Reuse', '541-754-1154', NULL, '103 SW 2nd St', 'Corvallis', 'OR', 97330, 44.5641, -123.259, NULL, 'Mon-Fri 11am-6pm, Sat 10am-6pm, Sun 12pm-4pm'),
(60, 'Schools (Public, Private, Charter)', 'Reuse', NULL, NULL, NULL, 'Corvallis', 'OR', NULL, NULL, NULL, NULL, NULL),
(61, 'Second Glance', 'Reuse', '541-758-9099', NULL, '312 SW 3rd Street ', 'Corvallis', 'OR', 97333, 44.5623, -123.262, NULL, 'Mon-Sat 11am-6pm, Sun 12pm-5pm'),
(62, 'The Annex', 'Reuse', '541-758-9099', NULL, '214 SW Jefferson', 'Corvallis', 'OR', 97333, 44.5623, -123.261, NULL, 'Mon-Sat 11am-6pm, Sun 12pm-5pm'),
(63, 'The Alley', 'Reuse', '541-753-4069', NULL, '312 SW Jefferson', 'Corvallis', 'OR', 97333, 44.5625, -123.262, NULL, 'Mon-Sat 11am-6pm, Sun 12pm-5pm'),
(64, 'Senior Center of Corvallis', 'Reuse', '541-766-6959', NULL, '2601 NW Tyler Ave', 'Corvallis', 'OR', 97330, 44.5733, -123.28, NULL, 'Mon-Fri 8am-4pm'),
(65, 'South Corvallis Food Bank ', 'Reuse', '541-753-4263', NULL, '1798 SW 3rd St', 'Corvallis', 'OR', 97333, 44.5469, -123.268, NULL, 'Mon,Wed 1pm-3pm, Thu 5pm-7pm, Sat 10am-12pm'),
(66, 'St. Vincent de Paul Food Bank', 'Reuse', '541-757-1988', NULL, '501 NW 25th Street', 'Corvallis', 'OR', 97330, 44.5733, -123.278, NULL, 'Mon-Fri 1:30pm-4pm'),
(67, 'Stone Soup  (St Mary''s Church)', 'Reuse', '541-757-1988', NULL, '501 NW 25th Street', 'Corvallis', 'OR', 97330, 44.5732, -123.278, NULL, 'Mon,Thu 5:30pm-6:30pm, Wed, Fri 11:30am-12:30pm'),
(68, 'UPS Store (Philomath)', 'Reuse', '541-752-1830', NULL, '5060 SW Philomath Blvd', 'Corvallis', 'OR', 97333, 44.5523, -123.308, NULL, 'Mon-Fri 7:30am-6pm, Sat 9:30am-3pm'),
(69, 'UPS Stores (Corvallis)', 'Reuse', '541-752-0056', NULL, '922 NW Circle Blvd #160', 'Corvallis', 'OR', 97330, 44.5883, -123.258, NULL, 'Mon-Fri 8:30am-6pm, Sat 10am-5pm'),
(70, 'Vina Moses (for low income citizens)', 'Reuse', '541-753-1420', NULL, '968 NW Garfield Ave', 'Corvallis', 'OR', 97330, 44.5831, -123.26, NULL, 'Mon-Fri 9am-4pm'),
(71, 'Spaeth Heritage House', 'Reuse', '541-307-0349', NULL, '135 N 13th St', 'Philomath', 'OR', 97370, 44.5411, -123.368, NULL, 'Mon-Sat 8am-4pm'),
(72, 'Book Binding', 'Repair', '541-757-9861', 'http://www.cornerstoneassociates.com/bj-bookbinding-about-us.html', '108 SW 3rd St', 'Corvallis', 'OR', 97333, 44.5642, -123.261, 'Rebind and restore books.', 'Mon-Fri 9am-5pm'),
(73, 'Cell Phone Sick Bay', 'Repair', '541-230-1785', 'http://www.cellsickbay.com/index.html', '252 Sw Madison Ave, Suite 110', 'Corvallis', 'OR', 97333, 44.5634, -123.261, 'Cell phones and tablets.', 'Mon-Fri 10am-6pm, Sat 11am-4pm'),
(74, 'Geeks ''N'' Nerds', 'repair', '541-753-0018', 'http://www.computergeeksnnerds.com/', '950 Southeast Geary St Unit D', 'Albany', 'OR', 97321, 44.6329, -123.084, 'Repair computers of all kinds and cell phone repair; in home repair available', 'Mon-Fri 9am-6pm, Sat 9am-1pm'),
(75, 'Specialty Sewing By Leslie', 'Repair', '541-758-4556', 'http://www.specialtysewing.com/Leslie_Seamstress/Welcome.html', '225 SW Madison Ave', 'Corvallis', 'OR', 97333, 44.5636, -123.261, 'Alterations and custom work.', 'Mon,Wed 9am-4pm, Tue,Thu 10am-7pm, Fri 11am-4pm'),
(76, 'Covallis Technical', 'Repair', '541-704-7009', 'http://www.corvallistechnical.com/', '966 NW Circle Blvd', 'Corvallis', 'OR', 97330, 44.5889, -123.258, 'Repair computers and laptops', 'Mon-Fri 9am-5pm'),
(77, 'Bellevue Computers', 'Repair', '541-757-3487', 'http://www.bellevuepc.com/', '1865 NW 9th St', 'Corvallis', 'OR', 97330, 44.5864, -123.255, 'Repair computers and laptops', 'Mon-Fri 9am-6pm, Sat 10am-5pm'),
(78, 'OSU Repair Fair', 'Repair', '541-737-5398', 'http://fa.oregonstate.edu/surplus', '644 S.W. 13th St', 'Corvallis', 'OR', 97333, 44.5616, -123.273, 'Occurs twice per quarter in the evenings Small appliances, Bicycles, Clothing, Computers (hardware and software) Electronics (small items only) Housewares (furniture, ceramics, lamps, etc.)', NULL),
(79, 'P.K Furniture Repair and Refinishing ', 'Repair', '541-230-1727', 'http://www.pkfurniturerefinishing.net/', '5270 Corvallis-Newport Hwy', 'Toledo', 'OR', 97391, 44.6297, -123.955, 'Complete restoration, complete refinishing, modifications, custom color matching, furniture stripping, chair press caning, repairs', 'Mon-Fri 10am-6pm'),
(80, 'Furniture Restoration Center', 'Repair', '541-929-6681', 'http://restorationsupplies.com/', '1321 Main St', 'Philomath', 'OR', 97370, 44.5403, -123.367, 'Restores all typers of furniture and has hardware for doing it yourself.', 'Mon-Thu 9am-5pm, Fri 11am-3pm'),
(81, 'Power Equipment', 'Repair', '541-757-8075', 'https://corvallispowerequipment.stihldealer.net/', '713 NE Circle Blvd', 'Corvallis', 'OR', 97330, 44.5893, -123.25, 'Lawn and garden equipment, chain saws (Stihl, honda, shindiawh), hand held equipment.', 'Mon-Fri 8am-5pm, Sat 8:30am-12pm'),
(82, 'Robnett''s', 'Repair', '541-753-5531', 'http://ww3.truevalue.com/robnetts/Home.aspx', '400 SW 2nd St', 'Corvallis', 'OR', 97333, 44.5611, -123.262, 'Adjustment and sharpening', 'Mon-Fri 7:30am-6pm, Sat 8:30am-5:30pm, Sun 10am-4pm'),
(83, 'Footwise', 'Repair', '541-757-0875', 'http://footwise.com/', '301 SW Madison Ave #100', 'Corvallis', 'OR', 97333, 44.5639, -123.262, 'Resoles berkenstock', 'Mon-Sat 10am-6pm, Sun 11am-5pm'),
(84, 'Sedlack', 'Repair', '541-752-1498', 'http://www.sedlaksshoes.net/', '225 SW 2nd St', 'Corvallis', 'OR', 97333, 44.5635, -123.261, 'Full resoles, elastic and velcros, sewing and patching, leather patches, zippers, half soles and heels.', 'Mon-Fri 9:30am-6pm, Sat 9:30am-5pm, Sun 12pm-4pm'),
(85, 'Foam Man', 'Repair', '(541) 754-9378', 'http://www.thefoammancorvallis.com/', '2511 NW 9th St', 'Corvallis', 'OR', 97330, 44.5934, -123.252, 'Replacement foam cusions for chairs and couches;  upholstery.', 'Tue-Fri 11am-5pm'),
(86, 'generic_repair_business', 'Repair', NULL, NULL, NULL, NULL, NULL, NULL, NULL, NULL, NULL, NULL),
(87, 'generic_reuse_business', 'Reuse', NULL, NULL, NULL, NULL, NULL, NULL, NULL, NULL, NULL, NULL),
(88, 'Test2', 'Repair', 'Test', 'test', 'Test', 'Test', 'Test', 97201, 50.9304, -1.4743, NULL, NULL),
(89, 'Test Business', 'Repair', '1234567890', 'example.com', 'Test', 'Test', 'Test', 97201, 50.9304, -1.4743, NULL, NULL),
(90, 'test', 'Repair', '', '', '', '', '', 0, NULL, NULL, NULL, NULL);

-- --------------------------------------------------------

--
-- Table structure for table `business_category_item`
--

DROP TABLE IF EXISTS `business_category_item`;
CREATE TABLE IF NOT EXISTS `business_category_item` (
  `bid` int(11) NOT NULL,
  `cid` int(11) NOT NULL,
  `iid` int(11) NOT NULL,
  PRIMARY KEY (`bid`,`cid`,`iid`),
  KEY `cid` (`cid`),
  KEY `iid` (`iid`)
) ENGINE=InnoDB DEFAULT CHARSET=latin1;

--
-- Dumping data for table `business_category_item`
--

INSERT INTO `business_category_item` (`bid`, `cid`, `iid`) VALUES
(1, 1, 1),
(1, 1, 2),
(1, 1, 3),
(1, 1, 4),
(1, 1, 5),
(1, 1, 6),
(1, 1, 7),
(1, 1, 8),
(1, 1, 9),
(1, 1, 10),
(1, 1, 11),
(1, 1, 181),
(1, 1, 182),
(1, 1, 183),
(1, 1, 184),
(1, 1, 185),
(2, 1, 1),
(2, 1, 2),
(2, 1, 3),
(2, 1, 4),
(2, 1, 5),
(2, 1, 6),
(2, 1, 7),
(2, 1, 8),
(2, 1, 9),
(2, 1, 11),
(2, 1, 181),
(2, 1, 182),
(2, 1, 183),
(2, 1, 185),
(3, 1, 1),
(3, 1, 2),
(3, 1, 3),
(3, 1, 4),
(3, 1, 5),
(3, 1, 6),
(3, 1, 7),
(3, 1, 8),
(3, 1, 9),
(3, 1, 11),
(3, 1, 181),
(3, 1, 182),
(3, 1, 183),
(3, 1, 185),
(4, 1, 1),
(4, 1, 2),
(4, 1, 4),
(4, 1, 5),
(4, 1, 6),
(4, 1, 7),
(4, 1, 8),
(4, 1, 9),
(4, 1, 10),
(4, 1, 11),
(4, 1, 181),
(4, 1, 182),
(4, 1, 183),
(4, 1, 185),
(5, 1, 9),
(6, 1, 3),
(7, 1, 3),
(9, 1, 9),
(9, 1, 184),
(10, 1, 3),
(10, 1, 9),
(10, 1, 11),
(12, 1, 1),
(12, 1, 2),
(12, 1, 3),
(12, 1, 4),
(12, 1, 5),
(12, 1, 6),
(12, 1, 7),
(12, 1, 8),
(12, 1, 9),
(12, 1, 10),
(12, 1, 11),
(12, 1, 181),
(12, 1, 182),
(12, 1, 183),
(12, 1, 184),
(12, 1, 185),
(14, 1, 1),
(14, 1, 2),
(14, 1, 3),
(14, 1, 4),
(14, 1, 5),
(14, 1, 6),
(14, 1, 7),
(14, 1, 8),
(14, 1, 9),
(14, 1, 11),
(14, 1, 181),
(14, 1, 182),
(14, 1, 183),
(14, 1, 184),
(14, 1, 185),
(15, 1, 11),
(15, 1, 184),
(17, 1, 184),
(20, 1, 11),
(23, 1, 1),
(23, 1, 2),
(23, 1, 3),
(23, 1, 4),
(23, 1, 5),
(23, 1, 6),
(23, 1, 7),
(23, 1, 8),
(23, 1, 9),
(23, 1, 10),
(23, 1, 11),
(23, 1, 181),
(23, 1, 182),
(23, 1, 183),
(23, 1, 184),
(23, 1, 185),
(25, 1, 10),
(26, 1, 10),
(27, 1, 1),
(27, 1, 2),
(27, 1, 4),
(27, 1, 5),
(27, 1, 6),
(27, 1, 7),
(27, 1, 8),
(27, 1, 11),
(27, 1, 181),
(27, 1, 182),
(27, 1, 183),
(27, 1, 185),
(28, 1, 1),
(28, 1, 2),
(28, 1, 4),
(28, 1, 5),
(28, 1, 6),
(28, 1, 7),
(28, 1, 8),
(28, 1, 11),
(28, 1, 181),
(28, 1, 182),
(28, 1, 183),
(28, 1, 185),
(30, 1, 1),
(30, 1, 2),
(30, 1, 3),
(30, 1, 4),
(30, 1, 5),
(30, 1, 6),
(30, 1, 7),
(30, 1, 8),
(30, 1, 9),
(30, 1, 11),
(30, 1, 181),
(30, 1, 182),
(30, 1, 183),
(30, 1, 184),
(30, 1, 185),
(32, 1, 1),
(32, 1, 2),
(32, 1, 4),
(32, 1, 5),
(32, 1, 6),
(32, 1, 7),
(32, 1, 8),
(32, 1, 11),
(32, 1, 181),
(32, 1, 182),
(32, 1, 183),
(32, 1, 185),
(35, 1, 1),
(35, 1, 2),
(35, 1, 3),
(35, 1, 4),
(35, 1, 5),
(35, 1, 6),
(35, 1, 7),
(35, 1, 8),
(35, 1, 11),
(35, 1, 181),
(35, 1, 182),
(35, 1, 183),
(35, 1, 184),
(35, 1, 185),
(36, 1, 184),
(39, 1, 1),
(39, 1, 2),
(39, 1, 4),
(39, 1, 5),
(39, 1, 6),
(39, 1, 7),
(39, 1, 8),
(39, 1, 9),
(39, 1, 11),
(39, 1, 181),
(39, 1, 182),
(39, 1, 183),
(39, 1, 184),
(39, 1, 185),
(40, 1, 3),
(41, 1, 1),
(41, 1, 2),
(41, 1, 3),
(41, 1, 4),
(41, 1, 5),
(41, 1, 6),
(41, 1, 7),
(41, 1, 8),
(41, 1, 9),
(41, 1, 11),
(41, 1, 181),
(41, 1, 182),
(41, 1, 183),
(41, 1, 184),
(41, 1, 185),
(45, 1, 184),
(46, 1, 1),
(46, 1, 2),
(46, 1, 3),
(46, 1, 4),
(46, 1, 5),
(46, 1, 6),
(46, 1, 7),
(46, 1, 8),
(46, 1, 9),
(46, 1, 181),
(46, 1, 182),
(46, 1, 183),
(46, 1, 185),
(49, 1, 3),
(49, 1, 9),
(49, 1, 184),
(52, 1, 3),
(54, 1, 9),
(55, 1, 3),
(56, 1, 9),
(60, 1, 3),
(67, 1, 1),
(67, 1, 2),
(67, 1, 4),
(67, 1, 5),
(67, 1, 6),
(67, 1, 7),
(67, 1, 8),
(67, 1, 181),
(67, 1, 182),
(67, 1, 183),
(67, 1, 184),
(67, 1, 185),
(70, 1, 1),
(70, 1, 2),
(70, 1, 3),
(70, 1, 4),
(70, 1, 5),
(70, 1, 6),
(70, 1, 7),
(70, 1, 8),
(70, 1, 9),
(70, 1, 181),
(70, 1, 182),
(70, 1, 183),
(70, 1, 184),
(70, 1, 185),
(71, 1, 1),
(71, 1, 2),
(71, 1, 4),
(71, 1, 5),
(71, 1, 6),
(71, 1, 7),
(71, 1, 8),
(71, 1, 11),
(71, 1, 181),
(71, 1, 182),
(71, 1, 183),
(71, 1, 185),
(1, 2, 12),
(1, 2, 13),
(1, 2, 14),
(1, 2, 15),
(1, 2, 16),
(1, 2, 17),
(2, 2, 12),
(2, 2, 13),
(2, 2, 14),
(2, 2, 15),
(2, 2, 16),
(2, 2, 17),
(3, 2, 12),
(3, 2, 13),
(3, 2, 14),
(3, 2, 15),
(3, 2, 16),
(3, 2, 17),
(14, 2, 12),
(14, 2, 13),
(14, 2, 14),
(14, 2, 15),
(14, 2, 16),
(14, 2, 17),
(16, 2, 12),
(16, 2, 13),
(16, 2, 14),
(16, 2, 15),
(16, 2, 16),
(16, 2, 17),
(17, 2, 12),
(17, 2, 13),
(17, 2, 14),
(17, 2, 15),
(17, 2, 16),
(17, 2, 17),
(23, 2, 12),
(23, 2, 13),
(23, 2, 14),
(23, 2, 15),
(23, 2, 16),
(23, 2, 17),
(28, 2, 12),
(28, 2, 13),
(28, 2, 14),
(28, 2, 15),
(28, 2, 16),
(28, 2, 17),
(30, 2, 12),
(30, 2, 13),
(30, 2, 14),
(30, 2, 15),
(30, 2, 16),
(30, 2, 17),
(34, 2, 12),
(34, 2, 13),
(34, 2, 14),
(34, 2, 15),
(34, 2, 16),
(34, 2, 17),
(35, 2, 12),
(35, 2, 13),
(35, 2, 14),
(35, 2, 15),
(35, 2, 16),
(35, 2, 17),
(36, 2, 12),
(36, 2, 13),
(36, 2, 14),
(36, 2, 15),
(36, 2, 16),
(36, 2, 17),
(39, 2, 12),
(39, 2, 13),
(39, 2, 14),
(39, 2, 15),
(39, 2, 16),
(39, 2, 17),
(41, 2, 12),
(41, 2, 13),
(41, 2, 14),
(41, 2, 15),
(41, 2, 16),
(41, 2, 17),
(46, 2, 12),
(46, 2, 13),
(46, 2, 14),
(46, 2, 15),
(46, 2, 16),
(46, 2, 17),
(70, 2, 12),
(70, 2, 13),
(70, 2, 14),
(70, 2, 15),
(70, 2, 16),
(70, 2, 17),
(1, 3, 1),
(1, 3, 3),
(1, 3, 18),
(1, 3, 19),
(1, 3, 20),
(1, 3, 21),
(1, 3, 22),
(1, 3, 23),
(1, 3, 24),
(1, 3, 25),
(1, 3, 26),
(1, 3, 27),
(1, 3, 28),
(1, 3, 29),
(1, 3, 30),
(1, 3, 31),
(1, 3, 32),
(1, 3, 70),
(2, 3, 1),
(2, 3, 3),
(2, 3, 18),
(2, 3, 19),
(2, 3, 20),
(2, 3, 21),
(2, 3, 22),
(2, 3, 23),
(2, 3, 24),
(2, 3, 25),
(2, 3, 26),
(2, 3, 27),
(2, 3, 28),
(2, 3, 29),
(2, 3, 30),
(2, 3, 31),
(2, 3, 32),
(2, 3, 70),
(3, 3, 1),
(3, 3, 3),
(3, 3, 18),
(3, 3, 19),
(3, 3, 20),
(3, 3, 21),
(3, 3, 22),
(3, 3, 23),
(3, 3, 24),
(3, 3, 25),
(3, 3, 26),
(3, 3, 27),
(3, 3, 28),
(3, 3, 29),
(3, 3, 30),
(3, 3, 31),
(3, 3, 32),
(3, 3, 70),
(5, 3, 30),
(6, 3, 3),
(7, 3, 3),
(9, 3, 30),
(10, 3, 3),
(12, 3, 3),
(14, 3, 1),
(14, 3, 3),
(14, 3, 18),
(14, 3, 19),
(14, 3, 20),
(14, 3, 21),
(14, 3, 22),
(14, 3, 23),
(14, 3, 24),
(14, 3, 25),
(14, 3, 26),
(14, 3, 27),
(14, 3, 28),
(14, 3, 29),
(14, 3, 30),
(14, 3, 31),
(14, 3, 32),
(14, 3, 70),
(15, 3, 1),
(15, 3, 18),
(15, 3, 19),
(15, 3, 20),
(15, 3, 21),
(15, 3, 22),
(15, 3, 23),
(15, 3, 24),
(15, 3, 25),
(15, 3, 26),
(15, 3, 27),
(15, 3, 28),
(15, 3, 29),
(15, 3, 30),
(15, 3, 31),
(15, 3, 32),
(15, 3, 70),
(17, 3, 30),
(18, 3, 30),
(22, 3, 1),
(22, 3, 18),
(22, 3, 19),
(22, 3, 20),
(22, 3, 21),
(22, 3, 22),
(22, 3, 23),
(22, 3, 24),
(22, 3, 25),
(22, 3, 26),
(22, 3, 27),
(22, 3, 28),
(22, 3, 29),
(22, 3, 31),
(22, 3, 32),
(22, 3, 70),
(23, 3, 1),
(23, 3, 3),
(23, 3, 18),
(23, 3, 19),
(23, 3, 20),
(23, 3, 21),
(23, 3, 22),
(23, 3, 23),
(23, 3, 24),
(23, 3, 25),
(23, 3, 26),
(23, 3, 27),
(23, 3, 28),
(23, 3, 29),
(23, 3, 30),
(23, 3, 31),
(23, 3, 32),
(23, 3, 70),
(30, 3, 1),
(30, 3, 3),
(30, 3, 18),
(30, 3, 19),
(30, 3, 20),
(30, 3, 21),
(30, 3, 22),
(30, 3, 23),
(30, 3, 24),
(30, 3, 25),
(30, 3, 26),
(30, 3, 27),
(30, 3, 28),
(30, 3, 29),
(30, 3, 30),
(30, 3, 31),
(30, 3, 32),
(30, 3, 70),
(35, 3, 3),
(36, 3, 30),
(39, 3, 1),
(39, 3, 18),
(39, 3, 19),
(39, 3, 20),
(39, 3, 21),
(39, 3, 22),
(39, 3, 23),
(39, 3, 24),
(39, 3, 25),
(39, 3, 26),
(39, 3, 27),
(39, 3, 28),
(39, 3, 29),
(39, 3, 30),
(39, 3, 31),
(39, 3, 32),
(39, 3, 70),
(40, 3, 3),
(41, 3, 1),
(41, 3, 3),
(41, 3, 18),
(41, 3, 19),
(41, 3, 20),
(41, 3, 21),
(41, 3, 22),
(41, 3, 23),
(41, 3, 24),
(41, 3, 25),
(41, 3, 26),
(41, 3, 27),
(41, 3, 28),
(41, 3, 29),
(41, 3, 30),
(41, 3, 31),
(41, 3, 32),
(41, 3, 70),
(46, 3, 1),
(46, 3, 3),
(46, 3, 18),
(46, 3, 19),
(46, 3, 20),
(46, 3, 21),
(46, 3, 22),
(46, 3, 23),
(46, 3, 24),
(46, 3, 25),
(46, 3, 26),
(46, 3, 27),
(46, 3, 28),
(46, 3, 29),
(46, 3, 30),
(46, 3, 31),
(46, 3, 32),
(46, 3, 70),
(49, 3, 1),
(49, 3, 3),
(49, 3, 18),
(49, 3, 19),
(49, 3, 20),
(49, 3, 21),
(49, 3, 22),
(49, 3, 23),
(49, 3, 24),
(49, 3, 25),
(49, 3, 26),
(49, 3, 27),
(49, 3, 28),
(49, 3, 29),
(49, 3, 30),
(49, 3, 31),
(49, 3, 32),
(49, 3, 70),
(52, 3, 1),
(52, 3, 3),
(52, 3, 18),
(52, 3, 19),
(52, 3, 20),
(52, 3, 21),
(52, 3, 22),
(52, 3, 23),
(52, 3, 24),
(52, 3, 25),
(52, 3, 26),
(52, 3, 27),
(52, 3, 28),
(52, 3, 29),
(52, 3, 31),
(52, 3, 32),
(52, 3, 70),
(55, 3, 3),
(58, 3, 1),
(58, 3, 18),
(58, 3, 19),
(58, 3, 20),
(58, 3, 21),
(58, 3, 22),
(58, 3, 23),
(58, 3, 24),
(58, 3, 25),
(58, 3, 26),
(58, 3, 27),
(58, 3, 28),
(58, 3, 29),
(58, 3, 31),
(58, 3, 32),
(58, 3, 70),
(60, 3, 3),
(60, 3, 30),
(67, 3, 1),
(67, 3, 18),
(67, 3, 19),
(67, 3, 20),
(67, 3, 21),
(67, 3, 22),
(67, 3, 23),
(67, 3, 24),
(67, 3, 25),
(67, 3, 26),
(67, 3, 27),
(67, 3, 28),
(67, 3, 29),
(67, 3, 30),
(67, 3, 31),
(67, 3, 32),
(67, 3, 70),
(70, 3, 1),
(70, 3, 3),
(70, 3, 18),
(70, 3, 19),
(70, 3, 20),
(70, 3, 21),
(70, 3, 22),
(70, 3, 23),
(70, 3, 24),
(70, 3, 25),
(70, 3, 26),
(70, 3, 27),
(70, 3, 28),
(70, 3, 29),
(70, 3, 30),
(70, 3, 31),
(70, 3, 32),
(70, 3, 70),
(1, 4, 33),
(1, 4, 34),
(1, 4, 35),
(1, 4, 36),
(1, 4, 37),
(1, 4, 38),
(1, 4, 39),
(2, 4, 33),
(2, 4, 34),
(2, 4, 35),
(2, 4, 36),
(2, 4, 37),
(2, 4, 38),
(2, 4, 39),
(3, 4, 33),
(3, 4, 34),
(3, 4, 35),
(3, 4, 36),
(3, 4, 37),
(3, 4, 38),
(3, 4, 39),
(12, 4, 33),
(12, 4, 34),
(12, 4, 35),
(12, 4, 36),
(12, 4, 37),
(12, 4, 38),
(12, 4, 39),
(14, 4, 33),
(14, 4, 34),
(14, 4, 35),
(14, 4, 36),
(14, 4, 37),
(14, 4, 38),
(14, 4, 39),
(15, 4, 33),
(15, 4, 34),
(15, 4, 35),
(15, 4, 36),
(15, 4, 37),
(15, 4, 38),
(15, 4, 39),
(23, 4, 33),
(23, 4, 34),
(23, 4, 35),
(23, 4, 36),
(23, 4, 37),
(23, 4, 38),
(23, 4, 39),
(24, 4, 33),
(24, 4, 34),
(24, 4, 35),
(24, 4, 36),
(24, 4, 37),
(24, 4, 38),
(24, 4, 39),
(28, 4, 33),
(28, 4, 34),
(28, 4, 35),
(28, 4, 36),
(28, 4, 37),
(28, 4, 38),
(28, 4, 39),
(30, 4, 33),
(30, 4, 34),
(30, 4, 35),
(30, 4, 36),
(30, 4, 37),
(30, 4, 38),
(30, 4, 39),
(32, 4, 33),
(32, 4, 34),
(32, 4, 35),
(32, 4, 36),
(32, 4, 37),
(32, 4, 38),
(32, 4, 39),
(39, 4, 33),
(39, 4, 34),
(39, 4, 35),
(39, 4, 36),
(39, 4, 37),
(39, 4, 38),
(39, 4, 39),
(41, 4, 33),
(41, 4, 34),
(41, 4, 35),
(41, 4, 36),
(41, 4, 37),
(41, 4, 38),
(41, 4, 39),
(46, 4, 33),
(46, 4, 34),
(46, 4, 35),
(46, 4, 36),
(46, 4, 37),
(46, 4, 38),
(46, 4, 39),
(67, 4, 33),
(67, 4, 34),
(67, 4, 35),
(67, 4, 36),
(67, 4, 37),
(67, 4, 38),
(67, 4, 39),
(70, 4, 33),
(70, 4, 34),
(70, 4, 35),
(70, 4, 36),
(70, 4, 37),
(70, 4, 38),
(70, 4, 39),
(1, 5, 40),
(1, 5, 41),
(1, 5, 42),
(1, 5, 43),
(1, 5, 44),
(23, 5, 40),
(23, 5, 41),
(23, 5, 42),
(23, 5, 43),
(23, 5, 44),
(24, 5, 40),
(24, 5, 41),
(24, 5, 42),
(24, 5, 43),
(24, 5, 44),
(28, 5, 40),
(28, 5, 41),
(28, 5, 42),
(28, 5, 43),
(28, 5, 44),
(30, 5, 40),
(30, 5, 41),
(30, 5, 42),
(30, 5, 43),
(30, 5, 44),
(32, 5, 40),
(32, 5, 41),
(32, 5, 42),
(32, 5, 43),
(32, 5, 44),
(39, 5, 40),
(39, 5, 41),
(39, 5, 42),
(39, 5, 43),
(39, 5, 44),
(41, 5, 40),
(41, 5, 41),
(41, 5, 42),
(41, 5, 43),
(41, 5, 44),
(44, 5, 40),
(44, 5, 41),
(44, 5, 42),
(44, 5, 43),
(44, 5, 44),
(1, 6, 45),
(1, 6, 46),
(1, 6, 47),
(1, 6, 48),
(1, 6, 49),
(1, 6, 50),
(1, 6, 51),
(1, 6, 52),
(1, 6, 53),
(1, 6, 54),
(1, 6, 55),
(1, 6, 56),
(1, 6, 57),
(1, 6, 58),
(1, 6, 59),
(1, 6, 60),
(1, 6, 61),
(1, 6, 62),
(1, 6, 63),
(1, 6, 64),
(1, 6, 65),
(1, 6, 66),
(1, 6, 67),
(15, 6, 45),
(15, 6, 46),
(15, 6, 47),
(15, 6, 48),
(15, 6, 49),
(15, 6, 50),
(15, 6, 51),
(15, 6, 52),
(15, 6, 53),
(15, 6, 54),
(15, 6, 55),
(15, 6, 56),
(15, 6, 57),
(15, 6, 58),
(15, 6, 59),
(15, 6, 60),
(15, 6, 61),
(15, 6, 62),
(15, 6, 63),
(15, 6, 64),
(15, 6, 65),
(15, 6, 66),
(15, 6, 67),
(16, 6, 45),
(16, 6, 46),
(16, 6, 47),
(16, 6, 48),
(16, 6, 49),
(16, 6, 50),
(16, 6, 51),
(16, 6, 52),
(16, 6, 53),
(16, 6, 54),
(16, 6, 55),
(16, 6, 56),
(16, 6, 57),
(16, 6, 58),
(16, 6, 59),
(16, 6, 60),
(16, 6, 61),
(16, 6, 62),
(16, 6, 63),
(16, 6, 64),
(16, 6, 65),
(16, 6, 66),
(16, 6, 67),
(23, 6, 45),
(23, 6, 46),
(23, 6, 47),
(23, 6, 48),
(23, 6, 49),
(23, 6, 50),
(23, 6, 51),
(23, 6, 52),
(23, 6, 53),
(23, 6, 54),
(23, 6, 55),
(23, 6, 56),
(23, 6, 57),
(23, 6, 58),
(23, 6, 59),
(23, 6, 60),
(23, 6, 61),
(23, 6, 62),
(23, 6, 63),
(23, 6, 64),
(23, 6, 65),
(23, 6, 66),
(23, 6, 67),
(30, 6, 45),
(30, 6, 46),
(30, 6, 47),
(30, 6, 48),
(30, 6, 49),
(30, 6, 50),
(30, 6, 51),
(30, 6, 52),
(30, 6, 53),
(30, 6, 54),
(30, 6, 55),
(30, 6, 56),
(30, 6, 57),
(30, 6, 58),
(30, 6, 59),
(30, 6, 60),
(30, 6, 61),
(30, 6, 62),
(30, 6, 63),
(30, 6, 64),
(30, 6, 65),
(30, 6, 66),
(30, 6, 67),
(32, 6, 45),
(32, 6, 46),
(32, 6, 47),
(32, 6, 48),
(32, 6, 49),
(32, 6, 50),
(32, 6, 51),
(32, 6, 52),
(32, 6, 53),
(32, 6, 54),
(32, 6, 55),
(32, 6, 56),
(32, 6, 57),
(32, 6, 58),
(32, 6, 59),
(32, 6, 60),
(32, 6, 61),
(32, 6, 62),
(32, 6, 63),
(32, 6, 64),
(32, 6, 65),
(32, 6, 66),
(32, 6, 67),
(36, 6, 45),
(36, 6, 46),
(36, 6, 47),
(36, 6, 48),
(36, 6, 49),
(36, 6, 50),
(36, 6, 51),
(36, 6, 52),
(36, 6, 53),
(36, 6, 54),
(36, 6, 55),
(36, 6, 56),
(36, 6, 57),
(36, 6, 58),
(36, 6, 59),
(36, 6, 60),
(36, 6, 61),
(36, 6, 62),
(36, 6, 63),
(36, 6, 64),
(36, 6, 65),
(36, 6, 66),
(36, 6, 67),
(71, 6, 45),
(71, 6, 46),
(71, 6, 47),
(71, 6, 48),
(71, 6, 49),
(71, 6, 50),
(71, 6, 51),
(71, 6, 52),
(71, 6, 53),
(71, 6, 54),
(71, 6, 55),
(71, 6, 56),
(71, 6, 57),
(71, 6, 58),
(71, 6, 59),
(71, 6, 60),
(71, 6, 61),
(71, 6, 62),
(71, 6, 63),
(71, 6, 64),
(71, 6, 65),
(71, 6, 66),
(71, 6, 67),
(1, 7, 68),
(1, 7, 69),
(1, 7, 70),
(1, 7, 71),
(1, 7, 72),
(1, 7, 73),
(1, 7, 74),
(1, 7, 75),
(2, 7, 68),
(2, 7, 69),
(2, 7, 70),
(2, 7, 71),
(2, 7, 72),
(2, 7, 73),
(2, 7, 74),
(2, 7, 75),
(3, 7, 68),
(3, 7, 69),
(3, 7, 70),
(3, 7, 71),
(3, 7, 72),
(3, 7, 73),
(3, 7, 74),
(3, 7, 75),
(13, 7, 68),
(13, 7, 69),
(13, 7, 70),
(13, 7, 71),
(13, 7, 72),
(13, 7, 73),
(13, 7, 74),
(13, 7, 75),
(14, 7, 68),
(14, 7, 69),
(14, 7, 70),
(14, 7, 71),
(14, 7, 72),
(14, 7, 73),
(14, 7, 74),
(14, 7, 75),
(15, 7, 68),
(15, 7, 69),
(15, 7, 70),
(15, 7, 71),
(15, 7, 72),
(15, 7, 73),
(15, 7, 74),
(15, 7, 75),
(22, 7, 68),
(22, 7, 69),
(22, 7, 70),
(22, 7, 71),
(22, 7, 72),
(22, 7, 73),
(22, 7, 74),
(22, 7, 75),
(23, 7, 68),
(23, 7, 69),
(23, 7, 70),
(23, 7, 71),
(23, 7, 72),
(23, 7, 73),
(23, 7, 74),
(23, 7, 75),
(30, 7, 68),
(30, 7, 69),
(30, 7, 70),
(30, 7, 71),
(30, 7, 72),
(30, 7, 73),
(30, 7, 74),
(30, 7, 75),
(35, 7, 68),
(35, 7, 69),
(35, 7, 70),
(35, 7, 71),
(35, 7, 72),
(35, 7, 73),
(35, 7, 74),
(35, 7, 75),
(41, 7, 68),
(41, 7, 69),
(41, 7, 70),
(41, 7, 71),
(41, 7, 72),
(41, 7, 73),
(41, 7, 74),
(41, 7, 75),
(46, 7, 68),
(46, 7, 69),
(46, 7, 70),
(46, 7, 71),
(46, 7, 72),
(46, 7, 73),
(46, 7, 74),
(46, 7, 75),
(49, 7, 68),
(49, 7, 69),
(49, 7, 70),
(49, 7, 71),
(49, 7, 72),
(49, 7, 73),
(49, 7, 74),
(49, 7, 75),
(59, 7, 68),
(59, 7, 69),
(59, 7, 70),
(59, 7, 71),
(59, 7, 72),
(59, 7, 73),
(59, 7, 74),
(59, 7, 75),
(61, 7, 68),
(61, 7, 69),
(61, 7, 70),
(61, 7, 71),
(61, 7, 72),
(61, 7, 73),
(61, 7, 74),
(61, 7, 75),
(67, 7, 68),
(67, 7, 69),
(67, 7, 70),
(67, 7, 71),
(67, 7, 72),
(67, 7, 73),
(67, 7, 74),
(67, 7, 75),
(70, 7, 68),
(70, 7, 69),
(70, 7, 70),
(70, 7, 71),
(70, 7, 72),
(70, 7, 73),
(70, 7, 74),
(70, 7, 75),
(1, 8, 76),
(1, 8, 77),
(1, 8, 78),
(1, 8, 79),
(1, 8, 80),
(1, 8, 81),
(1, 8, 82),
(1, 8, 83),
(1, 8, 84),
(1, 8, 85),
(1, 8, 86),
(1, 8, 87),
(1, 8, 88),
(1, 8, 89),
(1, 8, 90),
(1, 8, 91),
(1, 8, 92),
(1, 8, 93),
(1, 8, 94),
(1, 8, 95),
(1, 8, 96),
(1, 8, 97),
(2, 8, 76),
(2, 8, 77),
(2, 8, 78),
(2, 8, 79),
(2, 8, 80),
(2, 8, 81),
(2, 8, 82),
(2, 8, 83),
(2, 8, 84),
(2, 8, 85),
(2, 8, 86),
(2, 8, 87),
(2, 8, 88),
(2, 8, 89),
(2, 8, 90),
(2, 8, 91),
(2, 8, 92),
(2, 8, 93),
(2, 8, 94),
(2, 8, 95),
(2, 8, 96),
(2, 8, 97),
(3, 8, 76),
(3, 8, 77),
(3, 8, 78),
(3, 8, 79),
(3, 8, 80),
(3, 8, 81),
(3, 8, 82),
(3, 8, 83),
(3, 8, 84),
(3, 8, 85),
(3, 8, 86),
(3, 8, 87),
(3, 8, 88),
(3, 8, 89),
(3, 8, 90),
(3, 8, 91),
(3, 8, 92),
(3, 8, 93),
(3, 8, 94),
(3, 8, 95),
(3, 8, 96),
(3, 8, 97),
(7, 8, 79),
(9, 8, 79),
(10, 8, 79),
(12, 8, 76),
(12, 8, 77),
(12, 8, 78),
(12, 8, 79),
(12, 8, 80),
(12, 8, 81),
(12, 8, 82),
(12, 8, 83),
(12, 8, 84),
(12, 8, 85),
(12, 8, 86),
(12, 8, 87),
(12, 8, 88),
(12, 8, 89),
(12, 8, 90),
(12, 8, 91),
(12, 8, 92),
(12, 8, 93),
(12, 8, 94),
(12, 8, 95),
(12, 8, 96),
(12, 8, 97),
(14, 8, 76),
(14, 8, 77),
(14, 8, 78),
(14, 8, 79),
(14, 8, 80),
(14, 8, 81),
(14, 8, 82),
(14, 8, 83),
(14, 8, 84),
(14, 8, 85),
(14, 8, 86),
(14, 8, 87),
(14, 8, 88),
(14, 8, 89),
(14, 8, 90),
(14, 8, 91),
(14, 8, 92),
(14, 8, 93),
(14, 8, 94),
(14, 8, 95),
(14, 8, 96),
(14, 8, 97),
(15, 8, 76),
(15, 8, 77),
(15, 8, 78),
(15, 8, 79),
(15, 8, 80),
(15, 8, 82),
(15, 8, 83),
(15, 8, 84),
(15, 8, 85),
(15, 8, 86),
(15, 8, 87),
(15, 8, 88),
(15, 8, 89),
(15, 8, 90),
(15, 8, 91),
(15, 8, 92),
(15, 8, 93),
(15, 8, 94),
(15, 8, 95),
(15, 8, 96),
(15, 8, 97),
(23, 8, 76),
(23, 8, 77),
(23, 8, 78),
(23, 8, 79),
(23, 8, 80),
(23, 8, 81),
(23, 8, 82),
(23, 8, 83),
(23, 8, 84),
(23, 8, 85),
(23, 8, 86),
(23, 8, 87),
(23, 8, 88),
(23, 8, 89),
(23, 8, 90),
(23, 8, 91),
(23, 8, 92),
(23, 8, 93),
(23, 8, 94),
(23, 8, 95),
(23, 8, 96),
(23, 8, 97),
(28, 8, 76),
(28, 8, 77),
(28, 8, 78),
(28, 8, 80),
(28, 8, 82),
(28, 8, 83),
(28, 8, 84),
(28, 8, 85),
(28, 8, 86),
(28, 8, 87),
(28, 8, 88),
(28, 8, 89),
(28, 8, 90),
(28, 8, 91),
(28, 8, 92),
(28, 8, 93),
(28, 8, 94),
(28, 8, 95),
(28, 8, 96),
(28, 8, 97),
(30, 8, 76),
(30, 8, 77),
(30, 8, 78),
(30, 8, 79),
(30, 8, 80),
(30, 8, 82),
(30, 8, 83),
(30, 8, 84),
(30, 8, 85),
(30, 8, 86),
(30, 8, 87),
(30, 8, 88),
(30, 8, 89),
(30, 8, 90),
(30, 8, 91),
(30, 8, 92),
(30, 8, 93),
(30, 8, 94),
(30, 8, 95),
(30, 8, 96),
(30, 8, 97),
(32, 8, 76),
(32, 8, 77),
(32, 8, 78),
(32, 8, 79),
(32, 8, 80),
(32, 8, 82),
(32, 8, 83),
(32, 8, 84),
(32, 8, 85),
(32, 8, 86),
(32, 8, 87),
(32, 8, 88),
(32, 8, 89),
(32, 8, 90),
(32, 8, 91),
(32, 8, 92),
(32, 8, 93),
(32, 8, 94),
(32, 8, 95),
(32, 8, 96),
(32, 8, 97),
(33, 8, 79),
(35, 8, 76),
(35, 8, 77),
(35, 8, 78),
(35, 8, 79),
(35, 8, 80),
(35, 8, 82),
(35, 8, 83),
(35, 8, 84),
(35, 8, 85),
(35, 8, 86),
(35, 8, 87),
(35, 8, 88),
(35, 8, 89),
(35, 8, 90),
(35, 8, 91),
(35, 8, 92),
(35, 8, 93),
(35, 8, 94),
(35, 8, 95),
(35, 8, 96),
(35, 8, 97),
(36, 8, 79),
(39, 8, 76),
(39, 8, 77),
(39, 8, 78),
(39, 8, 80),
(39, 8, 81),
(39, 8, 82),
(39, 8, 83),
(39, 8, 84),
(39, 8, 85),
(39, 8, 86),
(39, 8, 87),
(39, 8, 88),
(39, 8, 89),
(39, 8, 90),
(39, 8, 91),
(39, 8, 92),
(39, 8, 93),
(39, 8, 94),
(39, 8, 95),
(39, 8, 96),
(39, 8, 97),
(40, 8, 79),
(41, 8, 76),
(41, 8, 77),
(41, 8, 78),
(41, 8, 79),
(41, 8, 80),
(41, 8, 81),
(41, 8, 82),
(41, 8, 83),
(41, 8, 84),
(41, 8, 85),
(41, 8, 86),
(41, 8, 87),
(41, 8, 88),
(41, 8, 89),
(41, 8, 90),
(41, 8, 91),
(41, 8, 92),
(41, 8, 93),
(41, 8, 94),
(41, 8, 95),
(41, 8, 96),
(41, 8, 97),
(46, 8, 79),
(55, 8, 79),
(64, 8, 79),
(64, 8, 81),
(67, 8, 79),
(67, 8, 82),
(67, 8, 88),
(70, 8, 76),
(70, 8, 77),
(70, 8, 78),
(70, 8, 79),
(70, 8, 80),
(70, 8, 83),
(70, 8, 84),
(70, 8, 85),
(70, 8, 86),
(70, 8, 87),
(70, 8, 89),
(70, 8, 90),
(70, 8, 91),
(70, 8, 92),
(70, 8, 93),
(70, 8, 94),
(70, 8, 95),
(70, 8, 96),
(70, 8, 97),
(1, 9, 116),
(2, 9, 116),
(3, 9, 116),
(10, 9, 116),
(14, 9, 116),
(15, 9, 116),
(19, 9, 116),
(20, 9, 116),
(23, 9, 116),
(30, 9, 116),
(32, 9, 116),
(36, 9, 116),
(39, 9, 116),
(41, 9, 116),
(46, 9, 116),
(49, 9, 116),
(50, 9, 116),
(53, 9, 116),
(70, 9, 116),
(1, 10, 117),
(1, 10, 118),
(1, 10, 119),
(1, 10, 120),
(1, 10, 121),
(1, 10, 122),
(1, 10, 123),
(1, 10, 124),
(1, 10, 125),
(1, 10, 126),
(1, 10, 127),
(1, 10, 128),
(1, 10, 129),
(1, 10, 130),
(2, 10, 117),
(2, 10, 118),
(2, 10, 119),
(2, 10, 120),
(2, 10, 121),
(2, 10, 122),
(2, 10, 123),
(2, 10, 124),
(2, 10, 125),
(2, 10, 126),
(2, 10, 127),
(2, 10, 128),
(2, 10, 129),
(2, 10, 130),
(3, 10, 117),
(3, 10, 118),
(3, 10, 119),
(3, 10, 120),
(3, 10, 121),
(3, 10, 122),
(3, 10, 123),
(3, 10, 124),
(3, 10, 125),
(3, 10, 126),
(3, 10, 127),
(3, 10, 128),
(3, 10, 129),
(3, 10, 130),
(6, 10, 117),
(6, 10, 118),
(6, 10, 119),
(6, 10, 120),
(6, 10, 121),
(6, 10, 122),
(6, 10, 123),
(6, 10, 124),
(6, 10, 125),
(6, 10, 126),
(6, 10, 127),
(6, 10, 128),
(6, 10, 129),
(6, 10, 130),
(9, 10, 117),
(9, 10, 118),
(9, 10, 119),
(9, 10, 120),
(9, 10, 121),
(9, 10, 122),
(9, 10, 123),
(9, 10, 124),
(9, 10, 125),
(9, 10, 126),
(9, 10, 127),
(9, 10, 128),
(9, 10, 129),
(9, 10, 130),
(14, 10, 117),
(14, 10, 118),
(14, 10, 120),
(14, 10, 121),
(14, 10, 122),
(14, 10, 123),
(14, 10, 124),
(14, 10, 125),
(14, 10, 126),
(14, 10, 127),
(14, 10, 128),
(14, 10, 129),
(14, 10, 130),
(15, 10, 117),
(15, 10, 118),
(15, 10, 120),
(15, 10, 121),
(15, 10, 122),
(15, 10, 123),
(15, 10, 124),
(15, 10, 125),
(15, 10, 126),
(15, 10, 127),
(15, 10, 128),
(15, 10, 129),
(15, 10, 130),
(16, 10, 117),
(16, 10, 118),
(16, 10, 120),
(16, 10, 121),
(16, 10, 122),
(16, 10, 123),
(16, 10, 124),
(16, 10, 125),
(16, 10, 126),
(16, 10, 127),
(16, 10, 128),
(16, 10, 129),
(16, 10, 130),
(18, 10, 119),
(23, 10, 117),
(23, 10, 118),
(23, 10, 119),
(23, 10, 120),
(23, 10, 121),
(23, 10, 122),
(23, 10, 123),
(23, 10, 124),
(23, 10, 125),
(23, 10, 126),
(23, 10, 127),
(23, 10, 128),
(23, 10, 129),
(23, 10, 130),
(24, 10, 119),
(29, 10, 119),
(30, 10, 117),
(30, 10, 118),
(30, 10, 119),
(30, 10, 120),
(30, 10, 121),
(30, 10, 122),
(30, 10, 123),
(30, 10, 124),
(30, 10, 125),
(30, 10, 126),
(30, 10, 127),
(30, 10, 128),
(30, 10, 129),
(30, 10, 130),
(32, 10, 117),
(32, 10, 118),
(32, 10, 119),
(32, 10, 120),
(32, 10, 121),
(32, 10, 122),
(32, 10, 123),
(32, 10, 124),
(32, 10, 125),
(32, 10, 126),
(32, 10, 127),
(32, 10, 128),
(32, 10, 129),
(32, 10, 130),
(35, 10, 117),
(35, 10, 118),
(35, 10, 119),
(35, 10, 120),
(35, 10, 121),
(35, 10, 122),
(35, 10, 123),
(35, 10, 124),
(35, 10, 125),
(35, 10, 126),
(35, 10, 127),
(35, 10, 128),
(35, 10, 129),
(35, 10, 130),
(36, 10, 117),
(36, 10, 118),
(36, 10, 120),
(36, 10, 121),
(36, 10, 122),
(36, 10, 123),
(36, 10, 124),
(36, 10, 125),
(36, 10, 126),
(36, 10, 127),
(36, 10, 128),
(36, 10, 129),
(36, 10, 130),
(39, 10, 117),
(39, 10, 118),
(39, 10, 120),
(39, 10, 121),
(39, 10, 122),
(39, 10, 123),
(39, 10, 124),
(39, 10, 125),
(39, 10, 126),
(39, 10, 127),
(39, 10, 128),
(39, 10, 129),
(39, 10, 130),
(41, 10, 117),
(41, 10, 118),
(41, 10, 119),
(41, 10, 120),
(41, 10, 121),
(41, 10, 122),
(41, 10, 123),
(41, 10, 124),
(41, 10, 125),
(41, 10, 126),
(41, 10, 127),
(41, 10, 128),
(41, 10, 129),
(41, 10, 130),
(46, 10, 117),
(46, 10, 118),
(46, 10, 119),
(46, 10, 120),
(46, 10, 121),
(46, 10, 122),
(46, 10, 123),
(46, 10, 124),
(46, 10, 125),
(46, 10, 126),
(46, 10, 127),
(46, 10, 128),
(46, 10, 129),
(46, 10, 130),
(47, 10, 117),
(47, 10, 118),
(47, 10, 120),
(47, 10, 121),
(47, 10, 122),
(47, 10, 123),
(47, 10, 124),
(47, 10, 125),
(47, 10, 126),
(47, 10, 127),
(47, 10, 128),
(47, 10, 129),
(47, 10, 130),
(51, 10, 117),
(51, 10, 118),
(51, 10, 120),
(51, 10, 121),
(51, 10, 122),
(51, 10, 123),
(51, 10, 124),
(51, 10, 125),
(51, 10, 126),
(51, 10, 127),
(51, 10, 128),
(51, 10, 129),
(51, 10, 130),
(70, 10, 117),
(70, 10, 118),
(70, 10, 119),
(70, 10, 120),
(70, 10, 121),
(70, 10, 122),
(70, 10, 123),
(70, 10, 124),
(70, 10, 125),
(70, 10, 126),
(70, 10, 127),
(70, 10, 128),
(70, 10, 129),
(70, 10, 130),
(71, 10, 117),
(71, 10, 118),
(71, 10, 119),
(71, 10, 120),
(71, 10, 121),
(71, 10, 122),
(71, 10, 123),
(71, 10, 124),
(71, 10, 125),
(71, 10, 126),
(71, 10, 127),
(71, 10, 128),
(71, 10, 129),
(71, 10, 130),
(1, 11, 12),
(1, 11, 131),
(1, 11, 133),
(1, 11, 134),
(12, 11, 12),
(12, 11, 131),
(12, 11, 133),
(12, 11, 134),
(16, 11, 12),
(17, 11, 12),
(17, 11, 131),
(17, 11, 133),
(17, 11, 134),
(23, 11, 12),
(23, 11, 131),
(23, 11, 133),
(23, 11, 134),
(25, 11, 131),
(25, 11, 133),
(25, 11, 134),
(26, 11, 131),
(26, 11, 133),
(26, 11, 134),
(36, 11, 12),
(37, 11, 131),
(37, 11, 133),
(37, 11, 134),
(39, 11, 131),
(39, 11, 133),
(39, 11, 134),
(40, 11, 131),
(40, 11, 133),
(40, 11, 134),
(41, 11, 12),
(41, 11, 131),
(41, 11, 133),
(41, 11, 134),
(43, 11, 12),
(43, 11, 131),
(43, 11, 133),
(43, 11, 134),
(45, 11, 12),
(45, 11, 131),
(45, 11, 133),
(45, 11, 134),
(49, 11, 131),
(49, 11, 133),
(49, 11, 134),
(52, 11, 12),
(52, 11, 131),
(52, 11, 133),
(52, 11, 134),
(64, 11, 12),
(65, 11, 12),
(65, 11, 131),
(65, 11, 133),
(65, 11, 134),
(67, 11, 12),
(67, 11, 131),
(67, 11, 133),
(67, 11, 134),
(70, 11, 12),
(70, 11, 131),
(70, 11, 133),
(70, 11, 134),
(1, 12, 135),
(1, 12, 136),
(1, 12, 137),
(1, 12, 138),
(1, 12, 139),
(1, 12, 140),
(1, 12, 141),
(1, 12, 142),
(1, 12, 143),
(1, 12, 144),
(1, 12, 145),
(1, 12, 146),
(2, 12, 135),
(2, 12, 136),
(2, 12, 137),
(2, 12, 138),
(2, 12, 140),
(2, 12, 141),
(2, 12, 142),
(2, 12, 143),
(2, 12, 144),
(2, 12, 145),
(2, 12, 146),
(3, 12, 135),
(3, 12, 136),
(3, 12, 137),
(3, 12, 138),
(3, 12, 140),
(3, 12, 141),
(3, 12, 142),
(3, 12, 143),
(3, 12, 144),
(3, 12, 145),
(3, 12, 146),
(14, 12, 135),
(14, 12, 136),
(14, 12, 137),
(14, 12, 138),
(14, 12, 139),
(14, 12, 140),
(14, 12, 141),
(14, 12, 142),
(14, 12, 143),
(14, 12, 144),
(14, 12, 145),
(14, 12, 146),
(16, 12, 135),
(16, 12, 136),
(16, 12, 137),
(16, 12, 138),
(16, 12, 140),
(16, 12, 141),
(16, 12, 142),
(16, 12, 143),
(16, 12, 144),
(16, 12, 145),
(16, 12, 146),
(21, 12, 135),
(21, 12, 136),
(21, 12, 137),
(21, 12, 138),
(21, 12, 140),
(21, 12, 141),
(21, 12, 142),
(21, 12, 143),
(21, 12, 144),
(21, 12, 145),
(21, 12, 146),
(23, 12, 135),
(23, 12, 136),
(23, 12, 137),
(23, 12, 138),
(23, 12, 139),
(23, 12, 140),
(23, 12, 141),
(23, 12, 142),
(23, 12, 143),
(23, 12, 144),
(23, 12, 145),
(23, 12, 146),
(25, 12, 139),
(26, 12, 139),
(30, 12, 135),
(30, 12, 136),
(30, 12, 137),
(30, 12, 138),
(30, 12, 139),
(30, 12, 140),
(30, 12, 141),
(30, 12, 142),
(30, 12, 143),
(30, 12, 144),
(30, 12, 145),
(30, 12, 146),
(32, 12, 135),
(32, 12, 136),
(32, 12, 137),
(32, 12, 138),
(32, 12, 140),
(32, 12, 141),
(32, 12, 142),
(32, 12, 143),
(32, 12, 144),
(32, 12, 145),
(32, 12, 146),
(38, 12, 139),
(39, 12, 135),
(39, 12, 136),
(39, 12, 137),
(39, 12, 138),
(39, 12, 139),
(39, 12, 140),
(39, 12, 141),
(39, 12, 142),
(39, 12, 143),
(39, 12, 144),
(39, 12, 145),
(39, 12, 146),
(41, 12, 135),
(41, 12, 136),
(41, 12, 137),
(41, 12, 138),
(41, 12, 140),
(41, 12, 141),
(41, 12, 142),
(41, 12, 143),
(41, 12, 144),
(41, 12, 145),
(41, 12, 146),
(46, 12, 135),
(46, 12, 136),
(46, 12, 137),
(46, 12, 138),
(46, 12, 139),
(46, 12, 140),
(46, 12, 141),
(46, 12, 142),
(46, 12, 143),
(46, 12, 144),
(46, 12, 145),
(46, 12, 146),
(50, 12, 135),
(50, 12, 136),
(50, 12, 137),
(50, 12, 138),
(50, 12, 140),
(50, 12, 141),
(50, 12, 142),
(50, 12, 143),
(50, 12, 144),
(50, 12, 145),
(50, 12, 146),
(64, 12, 135),
(64, 12, 136),
(64, 12, 137),
(64, 12, 138),
(64, 12, 139),
(64, 12, 140),
(64, 12, 141),
(64, 12, 142),
(64, 12, 143),
(64, 12, 144),
(64, 12, 145),
(64, 12, 146),
(70, 12, 139),
(1, 13, 76),
(1, 13, 82),
(1, 13, 88),
(1, 13, 90),
(1, 13, 93),
(1, 13, 96),
(1, 13, 147),
(1, 13, 148),
(1, 13, 149),
(1, 13, 150),
(1, 13, 151),
(2, 13, 76),
(2, 13, 82),
(2, 13, 88),
(2, 13, 90),
(2, 13, 93),
(2, 13, 96),
(2, 13, 147),
(2, 13, 148),
(2, 13, 149),
(2, 13, 150),
(2, 13, 151),
(3, 13, 76),
(3, 13, 82),
(3, 13, 88),
(3, 13, 90),
(3, 13, 93),
(3, 13, 96),
(3, 13, 147),
(3, 13, 148),
(3, 13, 149),
(3, 13, 150),
(3, 13, 151),
(14, 13, 76),
(14, 13, 90),
(14, 13, 93),
(14, 13, 96),
(14, 13, 147),
(14, 13, 148),
(14, 13, 149),
(14, 13, 150),
(14, 13, 151),
(18, 13, 76),
(18, 13, 90),
(18, 13, 93),
(18, 13, 96),
(18, 13, 147),
(18, 13, 148),
(18, 13, 149),
(18, 13, 150),
(23, 13, 76),
(23, 13, 82),
(23, 13, 88),
(23, 13, 90),
(23, 13, 93),
(23, 13, 96),
(23, 13, 147),
(23, 13, 148),
(23, 13, 149),
(23, 13, 150),
(25, 13, 151),
(26, 13, 151),
(30, 13, 76),
(30, 13, 82),
(30, 13, 88),
(30, 13, 90),
(30, 13, 93),
(30, 13, 96),
(30, 13, 147),
(30, 13, 148),
(30, 13, 149),
(30, 13, 150),
(32, 13, 76),
(32, 13, 82),
(32, 13, 88),
(32, 13, 90),
(32, 13, 93),
(32, 13, 96),
(32, 13, 147),
(32, 13, 148),
(32, 13, 149),
(32, 13, 150),
(35, 13, 76),
(35, 13, 90),
(35, 13, 93),
(35, 13, 96),
(35, 13, 147),
(35, 13, 148),
(35, 13, 149),
(35, 13, 150),
(39, 13, 82),
(39, 13, 88),
(50, 13, 82),
(50, 13, 88),
(57, 13, 151),
(67, 13, 76),
(67, 13, 90),
(67, 13, 93),
(67, 13, 96),
(67, 13, 147),
(67, 13, 148),
(67, 13, 149),
(67, 13, 150),
(1, 14, 152),
(1, 14, 153),
(1, 14, 154),
(23, 14, 152),
(23, 14, 153),
(23, 14, 154),
(24, 14, 152),
(24, 14, 153),
(24, 14, 154),
(48, 14, 152),
(48, 14, 153),
(48, 14, 154),
(68, 14, 152),
(68, 14, 153),
(68, 14, 154),
(69, 14, 152),
(69, 14, 153),
(69, 14, 154),
(1, 15, 9),
(1, 15, 155),
(1, 15, 156),
(1, 15, 157),
(1, 15, 158),
(1, 15, 159),
(1, 15, 160),
(1, 15, 161),
(1, 15, 186),
(1, 15, 187),
(2, 15, 9),
(2, 15, 157),
(2, 15, 158),
(2, 15, 159),
(2, 15, 160),
(2, 15, 186),
(2, 15, 187),
(3, 15, 9),
(3, 15, 157),
(3, 15, 158),
(3, 15, 159),
(3, 15, 160),
(3, 15, 186),
(3, 15, 187),
(5, 15, 9),
(5, 15, 186),
(9, 15, 9),
(9, 15, 157),
(9, 15, 159),
(9, 15, 161),
(9, 15, 186),
(9, 15, 187),
(10, 15, 9),
(10, 15, 157),
(10, 15, 159),
(10, 15, 186),
(14, 15, 9),
(14, 15, 157),
(14, 15, 158),
(14, 15, 159),
(14, 15, 186),
(14, 15, 187),
(15, 15, 186),
(15, 15, 187),
(16, 15, 158),
(17, 15, 186),
(18, 15, 161),
(18, 15, 186),
(22, 15, 157),
(22, 15, 159),
(23, 15, 9),
(23, 15, 155),
(23, 15, 156),
(23, 15, 157),
(23, 15, 158),
(23, 15, 159),
(23, 15, 160),
(23, 15, 161),
(23, 15, 186),
(23, 15, 187),
(25, 15, 155),
(25, 15, 157),
(25, 15, 159),
(26, 15, 155),
(26, 15, 157),
(26, 15, 159),
(30, 15, 9),
(30, 15, 158),
(30, 15, 160),
(30, 15, 186),
(30, 15, 187),
(32, 15, 156),
(32, 15, 157),
(32, 15, 159),
(32, 15, 186),
(32, 15, 187),
(34, 15, 158),
(35, 15, 160),
(35, 15, 186),
(35, 15, 187),
(36, 15, 186),
(36, 15, 187),
(39, 15, 9),
(39, 15, 156),
(39, 15, 158),
(39, 15, 160),
(39, 15, 186),
(39, 15, 187),
(41, 15, 9),
(41, 15, 156),
(41, 15, 157),
(41, 15, 158),
(41, 15, 159),
(41, 15, 160),
(41, 15, 186),
(41, 15, 187),
(42, 15, 155),
(42, 15, 157),
(42, 15, 159),
(46, 15, 9),
(46, 15, 157),
(46, 15, 158),
(46, 15, 159),
(46, 15, 186),
(46, 15, 187),
(49, 15, 9),
(49, 15, 157),
(49, 15, 159),
(49, 15, 186),
(49, 15, 187),
(52, 15, 156),
(54, 15, 9),
(56, 15, 9),
(59, 15, 157),
(59, 15, 159),
(60, 15, 186),
(60, 15, 187),
(61, 15, 157),
(61, 15, 159),
(67, 15, 157),
(67, 15, 158),
(67, 15, 159),
(67, 15, 186),
(70, 15, 9),
(70, 15, 157),
(70, 15, 158),
(70, 15, 159),
(70, 15, 186),
(70, 15, 187),
(72, 16, 3),
(73, 16, 81),
(74, 16, 81),
(74, 16, 82),
(75, 16, 70),
(76, 16, 82),
(77, 16, 82),
(78, 16, 82),
(78, 16, 162),
(79, 16, 11),
(80, 16, 11),
(81, 16, 164),
(82, 16, 164),
(82, 16, 168),
(83, 16, 74),
(84, 16, 69),
(84, 16, 75),
(85, 16, 167),
(86, 16, 3),
(86, 16, 11),
(86, 16, 69),
(86, 16, 70),
(86, 16, 74),
(86, 16, 75),
(86, 16, 81),
(86, 16, 82),
(86, 16, 162),
(86, 16, 163),
(86, 16, 164),
(86, 16, 165),
(86, 16, 166),
(86, 16, 167),
(86, 16, 188),
(86, 16, 189),
(86, 16, 190),
(86, 16, 191),
(86, 16, 194);

-- --------------------------------------------------------

--
-- Table structure for table `category`
--

DROP TABLE IF EXISTS `category`;
CREATE TABLE IF NOT EXISTS `category` (
  `id` int(11) NOT NULL AUTO_INCREMENT,
  `name` varchar(255) NOT NULL,
  PRIMARY KEY (`id`)
) ENGINE=InnoDB  DEFAULT CHARSET=latin1 AUTO_INCREMENT=17 ;

--
-- Dumping data for table `category`
--

INSERT INTO `category` (`id`, `name`) VALUES
(1, 'Household'),
(2, 'Bedding and Bath'),
(3, 'Children''s Goods'),
(4, 'Appliances - Small'),
(5, 'Appliances - Large'),
(6, 'Building and Home Improvement'),
(7, 'Wearable Items'),
(8, 'Useable Electronics'),
(9, 'Sporting Equipment and Camping'),
(10, 'Garden'),
(11, 'Food'),
(12, 'Medical Supplies'),
(13, 'Office Equipment'),
(14, 'Packing Materials'),
(15, 'Miscellaneous'),
(16, 'Repair Items');

-- --------------------------------------------------------

--
-- Table structure for table `item`
--

DROP TABLE IF EXISTS `item`;
CREATE TABLE IF NOT EXISTS `item` (
  `id` int(11) NOT NULL AUTO_INCREMENT,
  `name` varchar(255) NOT NULL,
  `url` varchar(255) DEFAULT NULL,
  PRIMARY KEY (`id`),
  UNIQUE KEY `name` (`name`)
) ENGINE=InnoDB  DEFAULT CHARSET=latin1 AUTO_INCREMENT=195 ;

--
-- Dumping data for table `item`
--

INSERT INTO `item` (`id`, `name`, `url`) VALUES
(1, 'Arts and crafts', NULL),
(2, 'Barbeque grills', NULL),
(3, 'Books', '/images/Books.jpg'),
(4, 'Canning jars', NULL),
(5, 'Cleaning supplies', NULL),
(6, 'Clothes hangers', NULL),
(7, 'Cookware', NULL),
(8, 'Dishes', NULL),
(9, 'Fabric', NULL),
(10, 'Food storage containers', NULL),
(11, 'Furniture', NULL),
(12, 'Blankets', NULL),
(13, 'Comforters', NULL),
(14, 'Linens', NULL),
(15, 'Sheets', NULL),
(16, 'Small rugs', NULL),
(17, 'Towels', NULL),
(18, 'Baby carriers', NULL),
(19, 'Baby gates', NULL),
(20, 'Bike trailers', NULL),
(21, 'Child car seats', NULL),
(22, 'Crayons', NULL),
(23, 'Cribs', NULL),
(24, 'Diapers', NULL),
(25, 'High chairs', NULL),
(26, 'Maternity', NULL),
(27, 'Musical instruments', NULL),
(28, 'Nursing items', NULL),
(29, 'Playpens', NULL),
(30, 'School supplies', NULL),
(31, 'Strollers', NULL),
(32, 'Toys', NULL),
(33, 'Blenders', NULL),
(34, 'Dehumidifiers', NULL),
(35, 'Fans', NULL),
(36, 'Microwaves', NULL),
(37, 'Space heaters', NULL),
(38, 'Toasters', NULL),
(39, 'Vacuum cleaners', NULL),
(40, 'Dishwashers', NULL),
(41, 'Freezers', NULL),
(42, 'Refrigerators', NULL),
(43, 'Stoves', NULL),
(44, 'Washers and dryers', NULL),
(45, 'Bricks', NULL),
(46, 'Carpet padding', NULL),
(47, 'Carpets', NULL),
(48, 'Ceramic tiles', NULL),
(49, 'Doors', NULL),
(50, 'Drywall', NULL),
(51, 'Electrical supplies', NULL),
(52, 'Hand tools', NULL),
(53, 'Hardware', NULL),
(54, 'Insulation', NULL),
(55, 'Ladders', NULL),
(56, 'Light fixtures', NULL),
(57, 'Lighting ballasts', NULL),
(58, 'Lumber', NULL),
(59, 'Motors', NULL),
(60, 'Paint', NULL),
(61, 'Pipe', NULL),
(62, 'Plumbing', NULL),
(63, 'Power tools', NULL),
(64, 'Reusable metal items', NULL),
(65, 'Roofing', NULL),
(66, 'Vinyl', NULL),
(67, 'Windows', NULL),
(68, 'Belts', NULL),
(69, 'Boots', NULL),
(70, 'Clothes', NULL),
(71, 'Coats', NULL),
(72, 'Hats', NULL),
(73, 'Rainwear', NULL),
(74, 'Sandals', NULL),
(75, 'Shoes', NULL),
(76, 'Calculators', NULL),
(77, 'Cameras', NULL),
(78, 'Cassette players', NULL),
(79, 'CD players', NULL),
(80, 'CD''s', NULL),
(81, 'Cell phones', NULL),
(82, 'Computers', 'images/Computers.jpg'),
(83, 'Curling irons', NULL),
(84, 'DVD players', NULL),
(85, 'Game consoles', NULL),
(86, 'GPS systems', NULL),
(87, 'Hair dryers', NULL),
(88, 'Monitors', NULL),
(89, 'MP3 players', NULL),
(90, 'Printers', NULL),
(91, 'Projectors', NULL),
(92, 'Receivers', NULL),
(93, 'Scanners', NULL),
(94, 'Speakers', NULL),
(95, 'Tablets', NULL),
(96, 'Telephones', NULL),
(97, 'TV''s', NULL),
(98, 'Backpacks', NULL),
(99, 'Balls', NULL),
(100, 'Barbells', NULL),
(101, 'Bicycles', NULL),
(102, 'Bike tires', NULL),
(103, 'Camping equipment', NULL),
(104, 'Day packs', NULL),
(105, 'Dumbbells', NULL),
(106, 'Exercise equipment', NULL),
(107, 'Golf clubs', NULL),
(108, 'Helmets', NULL),
(109, 'Hiking boots', NULL),
(110, 'Skateboards', NULL),
(111, 'Skis', NULL),
(112, 'Small boats', NULL),
(113, 'Snowshoes', NULL),
(114, 'Sporting goods', NULL),
(115, 'Tennis rackets', NULL),
(116, 'Tents', NULL),
(117, 'Chain saws', NULL),
(118, 'Fencing', NULL),
(119, 'Garden pots', NULL),
(120, 'Garden tools', NULL),
(121, 'Hand clippers', NULL),
(122, 'Hoses', NULL),
(123, 'Lawn furniture', NULL),
(124, 'Livestock supplies', NULL),
(125, 'Loppers', NULL),
(126, 'Mowers', NULL),
(127, 'Seeders', NULL),
(128, 'Soil amendment', NULL),
(129, 'Sprinklers', NULL),
(130, 'Wheel barrow', NULL),
(131, 'Beverages', NULL),
(132, 'Surplus garden produce', NULL),
(133, 'Unopened canned goods', NULL),
(134, 'Unopened packaged food', NULL),
(135, 'Adult diapers', NULL),
(136, 'Blood pressure monitors', NULL),
(137, 'Canes', NULL),
(138, 'Crutches', NULL),
(139, 'Eye glasses', NULL),
(140, 'Glucose meters', NULL),
(141, 'Hearing aids', NULL),
(142, 'Hospital beds', NULL),
(143, 'Reach extenders', NULL),
(144, 'Shower chairs', NULL),
(145, 'Walkers', NULL),
(146, 'Wheelchairs', NULL),
(147, 'Fax machines', NULL),
(148, 'Headsets', NULL),
(149, 'Office furniture', NULL),
(150, 'Paper shredders', NULL),
(151, 'Printer cartridge refilling', NULL),
(152, 'Bubble wrap', NULL),
(153, 'Clean foam peanuts', NULL),
(154, 'Foam sheets', NULL),
(155, 'Egg cartons', NULL),
(156, 'Firewood', NULL),
(157, 'Paper bags', NULL),
(158, 'Pet supplies', NULL),
(159, 'Shopping bags', NULL),
(160, 'Vehicles / parts', NULL),
(161, 'Computer paper', NULL),
(162, 'Small appliances', NULL),
(163, 'Lamps', NULL),
(164, 'Lawn power equipment', NULL),
(165, 'Outdoor gear', NULL),
(166, 'Upholstery, car', NULL),
(167, 'Upholstery, furniture', NULL),
(168, 'Screens', NULL),
(181, 'Luggage', NULL),
(182, 'Mattresses', NULL),
(183, 'Ornaments', NULL),
(184, 'Toiletries', NULL),
(185, 'Utensils', NULL),
(186, 'Art Supplies', NULL),
(187, 'Office supplies', NULL),
(188, 'Add2', NULL),
(189, 'Test3', NULL),
(190, 'Test4', NULL),
(191, 'Test6', NULL),
(194, 'Test7', NULL);

--
-- Constraints for dumped tables
--

--
-- Constraints for table `business_category_item`
--
ALTER TABLE `business_category_item`
  ADD CONSTRAINT `business_category_item_ibfk_1` FOREIGN KEY (`bid`) REFERENCES `business` (`id`) ON DELETE CASCADE ON UPDATE CASCADE,
  ADD CONSTRAINT `business_category_item_ibfk_2` FOREIGN KEY (`cid`) REFERENCES `category` (`id`) ON DELETE CASCADE ON UPDATE CASCADE,
  ADD CONSTRAINT `business_category_item_ibfk_3` FOREIGN KEY (`iid`) REFERENCES `item` (`id`) ON DELETE CASCADE ON UPDATE CASCADE;

SET FOREIGN_KEY_CHECKS=1;
